{"cameraMode":{"drawMode":0,"name":"Shaded","section":"Shading Mode"},"sceneLighting":true,"audioPlay":false,"sceneViewState":{"m_AlwaysRefresh":false,"showFog":true,"showSkybox":true,"showFlares":true,"showImageEffects":true,"showParticleSystems":true,"showVisualEffectGraphs":true,"m_FxEnabled":true},"in2DMode":false,"pivot":{"x":37.97794723510742,"y":2.3345260620117189,"z":-29.94856071472168},"rotation":{"x":0.0034547399263828995,"y":0.9676350355148315,"z":-0.011303216218948365,"w":0.2531401216983795},"size":0.172868549823761,"orthographic":false}