{"cameraMode":{"drawMode":0,"name":"Shaded","section":"Shading Mode"},"sceneLighting":true,"audioPlay":false,"sceneViewState":{"m_AlwaysRefresh":false,"showFog":true,"showSkybox":true,"showFlares":true,"showImageEffects":true,"showParticleSystems":true,"showVisualEffectGraphs":true,"m_FxEnabled":true},"in2DMode":false,"pivot":{"x":35.99418258666992,"y":3.502562999725342,"z":-23.426776885986329},"rotation":{"x":0.027278373017907144,"y":0.8798030614852905,"z":-0.049813345074653628,"w":0.47250455617904665},"size":1.627131700515747,"orthographic":false}