{"cameraMode":{"drawMode":0,"name":"Shaded","section":"Shading Mode"},"sceneLighting":true,"audioPlay":false,"sceneViewState":{"m_AlwaysRefresh":false,"showFog":true,"showSkybox":true,"showFlares":true,"showImageEffects":true,"showParticleSystems":true,"showVisualEffectGraphs":true,"m_FxEnabled":true},"in2DMode":false,"pivot":{"x":-1.3949953317642213,"y":-0.14452973008155824,"z":-1.6129640340805054},"rotation":{"x":-0.03105093538761139,"y":0.09281725436449051,"z":0.002895754761993885,"w":0.9951993227005005},"size":0.8660253882408142,"orthographic":false}