{"cameraMode":{"drawMode":0,"name":"Shaded","section":"Shading Mode"},"sceneLighting":false,"audioPlay":false,"sceneViewState":{"m_AlwaysRefresh":false,"showFog":false,"showSkybox":false,"showFlares":false,"showImageEffects":false,"showParticleSystems":false,"showVisualEffectGraphs":true,"m_FxEnabled":true},"in2DMode":false,"pivot":{"x":0.6973093748092651,"y":1.1613911390304566,"z":-0.20609962940216065},"rotation":{"x":0.003291943110525608,"y":0.945894718170166,"z":-0.005615394562482834,"w":0.3252135217189789},"size":1.044919490814209,"orthographic":false}