{"cameraMode":{"drawMode":0,"name":"Shaded","section":"Shading Mode"},"sceneLighting":false,"audioPlay":false,"sceneViewState":{"m_AlwaysRefresh":false,"showFog":false,"showSkybox":false,"showFlares":false,"showImageEffects":false,"showParticleSystems":false,"showVisualEffectGraphs":true,"m_FxEnabled":true},"in2DMode":false,"pivot":{"x":0.26047539710998537,"y":0.9306586980819702,"z":-0.02762734889984131},"rotation":{"x":0.010501614771783352,"y":0.9649967551231384,"z":-0.036252085119485858,"w":0.2605445981025696},"size":1.1051310300827027,"orthographic":false}